{"accuracy": [0.6217227578163147, 0.8675723671913147, 0.9194394946098328, 0.9425990581512451, 0.9587026238441467, 0.9668682217597961, 0.9731417894363403, 0.977978527545929, 0.9804680347442627, 0.9823173880577087], "loss": [1.2767696380615234, 0.41744914650917053, 0.2466302216053009, 0.17437401413917542, 0.12603917717933655, 0.10085136443376541, 0.08440201729536057, 0.0690271332859993, 0.06057991087436676, 0.05463632196187973], "val_accuracy": [0.8545982241630554, 0.9288071990013123, 0.9005235433578491, 0.9462212324142456, 0.954871416091919, 0.9493512511253357, 0.9601638913154602, 0.9671636819839478, 0.9642044305801392, 0.9717732667922974], "val_loss": [0.45769867300987244, 0.21959194540977478, 0.3092385530471802, 0.16602952778339386, 0.13417549431324005, 0.17051081359386444, 0.13441553711891174, 0.10562014579772949, 0.12459170818328857, 0.09890861064195633]}